Country Name,Country Code,1990,1991,1992,1993,1994,1995,1996,1997,1998,1999,2000,2001,2002,2003,2004,2005,2006,2007,2008,2009,2010,2011,2012,2013,2014,2015,2016
Aruba,ABW,50.319,50.304,49.998,49.588,49.177,48.767,48.356,47.946,47.536,47.127,46.717,46.339,45.972,45.606,45.24,44.875,44.511,44.147,43.783,43.421,43.059,42.94,42.957,42.99,43.041,43.108,43.192
Afghanistan,AFG,21.177,21.266,21.355,21.444,21.534,21.624,21.714,21.805,21.895,21.986,22.078,22.169,22.261,22.353,22.5,22.703,22.907,23.113,23.32,23.528,23.737,23.948,24.16,24.373,24.587,24.803,25.02
Angola,AGO,37.144,38.58,40.039,41.511,43,44.169,45.346,46.525,47.71,48.897,50.087,51.274,52.461,53.645,54.827,56,56.764,57.524,58.282,59.034,59.783,60.528,61.268,62.002,62.731,63.446,64.149
Albania,ALB,36.428,36.7,37.249,37.799,38.354,38.911,39.473,40.035,40.601,41.169,41.741,42.435,43.501,44.573,45.651,46.731,47.815,48.902,49.991,51.076,52.163,53.247,54.33,55.387,56.423,57.434,58.421
Andorra,AND,94.712,94.53,94.324,94.111,93.89,93.661,93.425,93.18,92.927,92.666,92.395,92.056,91.641,91.207,90.751,90.285,89.807,89.308,89.004,88.912,88.819,88.726,88.631,88.537,88.441,88.345,88.248
Arab World,ARB,50.3952484902126,50.7830532362536,50.7787105609166,51.151209224259,51.4094245175999,51.8956835687336,52.0625731648756,52.2640714068037,52.4970153101089,52.7408483079672,52.9893021963685,53.251444357601,53.5156238393009,53.8011668210651,54.1055805221905,54.4703095543236,54.8657381828006,55.1490757238027,55.5790757364122,56.009770049158,56.4408791933362,56.7919478898403,57.0985374409452,57.4009387122083,57.6924802355379,58.0314666759024,58.3452752760698
United Arab Emirates,ARE,79.051,78.906,78.76,78.614,78.467,78.319,78.493,78.938,79.378,79.81,80.236,80.655,81.067,81.472,81.871,82.262,82.648,83.023,83.387,83.742,84.087,84.423,84.749,85.066,85.375,85.674,85.965
Argentina,ARG,86.984,87.328,87.542,87.752,87.96,88.164,88.366,88.564,88.759,88.952,89.142,89.329,89.51,89.686,89.86,90.031,90.2,90.366,90.53,90.691,90.849,90.99,91.121,91.249,91.377,91.503,91.627
Armenia,ARM,67.421,67.15,66.878,66.606,66.332,66.057,65.781,65.504,65.226,64.947,64.666,64.385,64.236,64.137,64.038,63.938,63.839,63.739,63.64,63.54,63.44,63.34,63.24,63.164,63.112,63.085,63.082
American Samoa,ASM,80.948,81.886,82.789,83.654,84.485,85.28,86.043,86.771,87.467,88.131,88.587,88.491,88.394,88.297,88.198,88.1,88,87.9,87.799,87.697,87.594,87.502,87.42,87.348,87.288,87.238,87.198
Antigua and Barbuda,ATG,35.426,35.465,35.085,34.709,34.334,33.961,33.59,33.221,32.855,32.49,32.127,31.74,31.098,30.464,29.837,29.218,28.606,28.002,27.405,26.818,26.238,25.703,25.526,25.35,25.175,25,24.846
Australia,AUS,85.433,85.403,85.285,85.157,85.028,84.898,84.767,84.636,84.503,84.37,84.235,84.1,84.222,84.343,84.463,84.582,84.7,84.822,84.943,85.063,85.182,85.3,85.402,85.502,85.602,85.701,85.8
Austria,AUT,62.96,62.689,62.417,62.144,61.87,61.596,61.32,61.045,60.768,60.491,60.213,59.934,59.655,59.375,59.094,58.813,58.532,58.249,57.966,57.683,57.399,57.115,57.147,57.336,57.526,57.715,57.905
Azerbaijan,AZE,53.749,53.441,53.132,52.824,52.515,52.206,51.896,51.588,51.278,51.185,51.386,51.587,51.787,51.988,52.189,52.389,52.589,52.79,52.99,53.19,53.406,53.637,53.883,54.145,54.422,54.714,55.021
Burundi,BDI,6.271,6.455,6.637,6.823,7.014,7.211,7.412,7.618,7.83,8.036,8.246,8.461,8.682,8.908,9.139,9.375,9.617,9.864,10.118,10.376,10.642,10.915,11.194,11.482,11.776,12.078,12.388
Belgium,BEL,96.377,96.461,96.542,96.622,96.7,96.777,96.851,96.924,96.996,97.065,97.129,97.186,97.241,97.296,97.35,97.403,97.454,97.505,97.555,97.603,97.651,97.698,97.744,97.789,97.833,97.876,97.919
Benin,BEN,34.485,35.247,35.827,36.136,36.447,36.758,37.071,37.385,37.699,38.015,38.333,38.65,39.036,39.536,40.039,40.543,41.049,41.558,42.069,42.58,43.093,43.608,44.125,44.642,45.166,45.695,46.229
Burkina Faso,BFA,13.815,14.07,14.33,14.593,14.86,15.131,15.407,15.875,16.51,17.166,17.844,18.54,19.258,19.996,20.757,21.537,22.339,22.996,23.534,24.079,24.633,25.196,25.767,26.346,26.934,27.53,28.134
Bangladesh,BGD,19.811,20.257,20.61,20.966,21.328,21.693,22.064,22.438,22.818,23.202,23.59,24.096,24.756,25.429,26.114,26.809,27.517,28.237,28.968,29.709,30.462,31.225,31.993,32.762,33.535,34.308,35.083
Bulgaria,BGR,66.377,66.717,67.056,67.33,67.557,67.782,68.007,68.231,68.454,68.677,68.899,69.166,69.524,69.879,70.233,70.584,70.932,71.278,71.622,71.963,72.302,72.638,72.975,73.313,73.651,73.99,74.329
Bahrain,BHR,88.14,88.329,88.398,88.395,88.392,88.388,88.385,88.382,88.379,88.376,88.372,88.369,88.373,88.383,88.399,88.422,88.452,88.488,88.53,88.579,88.634,88.695,88.762,88.835,88.915,88.999,89.09
"Bahamas, The",BHS,79.838,80.067,80.293,80.518,80.74,80.961,81.18,81.396,81.611,81.824,82.007,82.049,82.092,82.134,82.176,82.218,82.26,82.302,82.343,82.385,82.427,82.476,82.532,82.596,82.668,82.746,82.832
Bosnia and Herzegovina,BIH,39.249,39.578,39.887,40.196,40.506,40.817,41.13,41.442,41.755,42.069,42.384,42.698,43.014,43.33,43.648,43.965,44.282,44.601,44.92,45.239,45.558,45.878,46.199,46.519,46.84,47.173,47.518
Belarus,BLR,65.981,66.374,66.766,67.155,67.541,67.926,68.308,68.687,69.064,69.482,69.973,70.458,70.939,71.415,71.887,72.354,72.816,73.273,73.726,74.172,74.672,75.188,75.697,76.199,76.693,77.181,77.661
Belize,BLZ,47.465,47.271,47.059,46.848,46.637,46.425,46.214,46.003,45.793,45.582,45.398,45.381,45.364,45.347,45.33,45.313,45.296,45.279,45.262,45.245,45.228,45.228,45.246,45.282,45.335,45.406,45.495
Bermuda,BMU,100,100,100,100,100,100,100,100,100,100,100,100,100,100,100,100,100,100,100,100,100,100,100,100,100,100,100
Bolivia,BOL,55.577,56.579,57.541,58.079,58.615,59.15,59.682,60.212,60.739,61.264,61.787,62.306,62.783,63.248,63.711,64.17,64.628,65.082,65.535,65.984,66.43,66.874,67.315,67.699,68.047,68.393,68.738
Brazil,BRA,73.922,74.69,75.444,76.181,76.903,77.61,78.302,79.048,79.781,80.496,81.192,81.553,81.88,82.203,82.521,82.834,83.143,83.448,83.749,84.044,84.335,84.631,84.923,85.209,85.492,85.77,86.042
Barbados,BRB,37.37,37.006,36.643,36.283,35.924,35.566,35.21,34.856,34.503,34.152,33.827,33.629,33.431,33.234,33.037,32.841,32.646,32.451,32.256,32.063,31.87,31.7,31.553,31.429,31.328,31.249,31.193
Brunei Darussalam,BRN,66.438,66.585,67.078,67.604,68.126,68.644,69.158,69.666,70.17,70.669,71.164,71.652,72.046,72.421,72.794,73.163,73.529,73.892,74.252,74.608,74.961,75.31,75.656,75.997,76.332,76.663,76.99
Bhutan,BTN,16.388,17.161,17.962,18.791,19.649,20.537,21.456,22.401,23.377,24.383,25.418,26.48,27.57,28.688,29.835,30.965,31.712,32.469,33.236,34.01,34.793,35.585,36.371,37.149,37.918,38.678,39.428
Botswana,BWA,41.933,45.292,46.443,47.286,48.133,48.981,49.83,50.677,51.525,52.372,53.219,54.062,54.57,55.029,55.488,55.944,56.4,57.928,59.444,60.937,62.412,63.865,64.768,65.572,66.368,67.155,67.933
Central African Republic,CAF,36.825,36.906,36.987,37.068,37.149,37.231,37.312,37.394,37.475,37.557,37.639,37.72,37.802,37.884,37.966,38.069,38.193,38.339,38.506,38.694,38.904,39.135,39.388,39.663,39.959,40.277,40.618
Canada,CAN,76.582,76.62,76.887,77.152,77.414,77.675,77.951,78.34,78.724,79.103,79.478,79.81,79.888,79.967,80.045,80.122,80.213,80.396,80.578,80.758,80.937,81.096,81.137,81.178,81.218,81.259,81.3
Central Europe and the Baltics,CEB,61.3918489105076,61.6033123693989,61.6934193330696,61.6652386515616,61.6367536015157,61.6092306125598,61.5872476575534,61.5631779443045,61.534018233525,61.5050697885992,61.4761873574983,61.4954533010999,61.5557607471992,61.6021556919924,61.6481810490578,61.7026922241905,61.7638954455271,61.8418454287671,61.9245405466205,61.9860468760089,62.0260650244198,62.0639344852314,62.0817769738868,62.0968137366794,62.1136451427738,62.1406832491248,62.1844790946334
Switzerland,CHE,73.926,73.869,73.815,73.762,73.708,73.654,73.6,73.546,73.492,73.438,73.383,73.375,73.401,73.427,73.452,73.478,73.504,73.53,73.556,73.581,73.607,73.631,73.653,73.674,73.696,73.718,73.739
Channel Islands,CHI,31.392,31.262,31.076,30.891,30.706,30.522,30.4,30.416,30.432,30.449,30.465,30.495,30.557,30.619,30.681,30.743,30.805,30.867,30.929,30.992,31.054,31.091,31.059,31.027,30.995,30.962,30.93
Chile,CHL,83.271,83.398,83.564,83.896,84.223,84.545,84.861,85.172,85.477,85.778,86.073,86.363,86.606,86.665,86.725,86.783,86.842,86.9,86.959,87.017,87.074,87.132,87.189,87.246,87.303,87.36,87.422
China,CHN,26.442,27.312,28.2,29.103,30.024,30.961,31.916,32.883,33.867,34.865,35.877,37.093,38.425,39.776,41.144,42.522,43.868,45.199,46.539,47.88,49.226,50.511,51.765,53.013,54.259,55.5,56.736
Cote d'Ivoire,CIV,39.345,39.716,40.088,40.461,40.835,41.21,41.587,41.964,42.342,42.741,43.155,43.568,43.983,44.399,44.817,45.234,45.652,46.071,46.491,46.91,47.33,47.751,48.172,48.593,49.014,49.444,49.881
Cameroon,CMR,39.657,40.235,40.817,41.399,41.985,42.573,43.164,43.755,44.348,44.944,45.542,46.139,46.738,47.338,47.94,48.541,49.143,49.746,50.35,50.954,51.559,52.164,52.769,53.373,53.976,54.578,55.179
"Congo, Dem. Rep.",COD,30.633,31.067,31.506,31.946,32.39,32.838,33.289,33.742,34.199,34.659,35.122,35.587,36.055,36.526,37,37.481,37.971,38.47,38.976,39.491,40.013,40.544,41.082,41.627,42.18,42.74,43.307
"Congo, Rep.",COG,54.324,54.743,55.162,55.58,55.996,56.413,56.832,57.299,57.766,58.231,58.695,59.156,59.617,60.076,60.533,60.988,61.441,61.893,62.346,62.8,63.256,63.712,64.169,64.627,65.085,65.543,66.001
Colombia,COL,69.481,69.949,70.415,70.874,71.328,71.777,72.223,72.662,73.098,73.53,73.957,74.379,74.797,75.211,75.62,76.024,76.423,76.816,77.204,77.587,77.964,78.335,78.701,79.061,79.415,79.764,80.108
Comoros,COM,27.869,28.366,28.435,28.39,28.346,28.301,28.257,28.213,28.168,28.124,28.08,28.036,27.992,27.947,27.903,27.875,27.863,27.867,27.886,27.921,27.973,28.04,28.123,28.223,28.338,28.47,28.619
Cabo Verde,CPV,44.12,45.044,45.973,46.902,47.834,48.768,49.704,50.637,51.572,52.505,53.435,54.291,55.146,55.997,56.846,57.689,58.529,59.363,60.194,61.016,61.821,62.322,62.821,63.317,63.81,64.3,64.784
Costa Rica,CRI,50.003,50.917,51.832,52.743,53.653,54.561,55.467,56.367,57.264,58.157,59.052,60.41,61.753,63.08,64.388,65.672,66.935,68.174,69.39,70.575,71.736,72.868,73.946,74.97,75.941,76.862,77.735
Caribbean small states,CSS,48.7971746079503,48.9735501359455,49.1193250356832,49.2582778931053,49.3948370869722,49.5338948296421,49.6759505905599,49.819311736739,49.9647380768505,50.1102857869458,50.2480679137205,50.3260306048273,50.3635482103236,50.3837843326937,50.4015888688483,50.4093290062448,50.4165023932242,50.4224331319741,50.4274883210849,50.4303998712286,50.4340574675408,50.456239675626,50.5180252982433,50.5913146585053,50.6801361784138,50.7846840272758,50.9063925920291
Cuba,CUB,73.364,73.676,73.827,73.977,74.127,74.277,74.426,74.618,74.855,75.089,75.323,75.555,75.785,75.947,76.041,76.134,76.227,76.32,76.413,76.505,76.597,76.689,76.781,76.827,76.861,76.896,76.93
Curacao,CUW,84.678,84.947,85.444,86.224,86.969,87.68,88.358,89.002,89.615,90.198,90.752,91.011,90.894,90.775,90.655,90.534,90.411,90.287,90.161,90.034,89.905,89.775,89.654,89.544,89.443,89.352,89.272
Cayman Islands,CYM,100,100,100,100,100,100,100,100,100,100,100,100,100,100,100,100,100,100,100,100,100,100,100,100,100,100,100
Cyprus,CYP,66.776,67.188,67.598,67.792,67.915,68.038,68.161,68.283,68.405,68.527,68.648,68.769,68.694,68.553,68.41,68.268,68.125,67.982,67.839,67.695,67.551,67.406,67.261,67.137,67.031,66.946,66.881
Czech Republic,CZE,75.22,75.158,75.03,74.901,74.772,74.643,74.513,74.382,74.251,74.12,73.988,73.877,73.809,73.74,73.671,73.602,73.533,73.463,73.394,73.324,73.255,73.185,73.197,73.29,73.384,73.477,73.57
Germany,DEU,73.118,73.269,73.36,73.497,73.71,73.922,74.133,74.342,74.551,74.758,74.965,75.17,75.374,75.577,75.779,75.98,76.179,76.378,76.575,76.771,76.966,77.16,77.17,77.18,77.19,77.2,77.224
Djibouti,DJI,75.957,76.114,76.161,76.207,76.254,76.3,76.347,76.393,76.439,76.485,76.532,76.578,76.624,76.67,76.716,76.761,76.807,76.853,76.899,76.944,76.999,77.064,77.138,77.222,77.314,77.417,77.528
Dominica,DMA,63.079,64.482,64.569,64.656,64.744,64.831,64.918,65.005,65.092,65.179,65.265,65.382,65.689,65.994,66.299,66.601,66.903,67.203,67.502,67.799,68.094,68.389,68.685,68.982,69.28,69.579,69.88
Denmark,DNK,84.843,84.871,84.898,84.925,84.952,84.979,85.006,85.033,85.06,85.086,85.1,85.15,85.25,85.36,85.566,85.856,86.098,86.293,86.487,86.654,86.795,86.957,87.142,87.292,87.41,87.526,87.642
Dominican Republic,DOM,55.226,55.497,55.767,56.037,56.752,57.598,58.441,59.276,60.107,60.933,61.753,62.565,63.371,64.605,66.003,67.37,68.71,70.02,71.3,72.542,73.753,74.827,75.802,76.749,77.67,78.566,79.436
Algeria,DZA,52.085,52.871,53.657,54.439,55.219,55.997,56.774,57.544,58.313,59.118,59.919,60.712,61.501,62.284,63.061,63.83,64.593,65.348,66.097,66.826,67.54,68.236,68.915,69.576,70.221,70.848,71.459
East Asia & Pacific (excluding high income),EAP,28.103169543017,28.8790420231942,29.6800330260142,30.4938361760155,31.3216398171561,32.1624175921093,33.0182730516944,33.8831571300003,34.7609852997659,35.6503045293381,36.5644769422517,37.5934092674138,38.7027798017989,39.8243696991426,40.9567866623299,42.0933206381776,43.2051826161765,44.3048819692,45.4093489255857,46.5142109071066,47.6203825388378,48.661738238371,49.6752439318617,50.681910529234,51.6858376202661,52.6853247515958,53.6815997421951
Early-demographic dividend,EAR,34.939119909998,35.3081380796406,35.6611298200178,36.0078914900914,36.3535857408402,36.6943527133112,37.0283258666785,37.356825892697,37.6825174824368,38.0055606661638,38.3342453056608,38.6571345670423,39.018557582244,39.3789959535492,39.7411986539471,40.107634522046,40.4775436614698,40.8498618022064,41.2298644618401,41.6138002597087,41.9998806600881,42.3785708834652,42.7590233392676,43.1435909274362,43.5319846032163,43.9299787727318,44.3277678165673
East Asia & Pacific,EAS,33.9576141185588,34.6492527249478,35.3499146824844,36.0655247942244,36.8003639761696,37.5500649265319,38.3095734890069,39.0655605746512,39.8355494930591,40.6142900918816,41.4207562572884,42.4127351947751,43.4971586555345,44.5825188029723,45.6708389175943,46.7554261803421,47.8093416872284,48.8443110824392,49.885701739957,50.9174409629207,51.945337432181,52.8768815884615,53.7740094965433,54.6636501438447,55.5523754469137,56.4384209579409,57.3214591494905
Europe & Central Asia (excluding high income),ECA,63.028384169192,63.1791547798475,63.2701209865139,63.3312351152764,63.3998291175227,63.4835570620421,63.5553894714941,63.6247373963957,63.6967295163203,63.7749097705326,63.8626339823967,63.9800242523363,64.1261119783374,64.3027677625969,64.4867641240969,64.6756389939107,64.866123203861,65.065459482385,65.2656426124793,65.4568880363916,65.6360804143785,65.7988996726298,65.9534615690012,66.1080182314676,66.2655378880993,66.4280326081937,66.5962263281727
Europe & Central Asia,ECS,67.590511641657,67.7221057375582,67.8295245348051,67.927442703703,68.0372084764992,68.1540600818806,68.264199642865,68.3709909271214,68.478467946867,68.5931355107761,68.7214382467052,68.8780439120185,69.0793025783354,69.2895252901018,69.5012251642765,69.7151611098742,69.9282515029246,70.1429533649737,70.3546551775139,70.5551553888405,70.7487588168112,70.9245512049277,71.0991515759323,71.2712652158374,71.4432171619628,71.6219247199629,71.8055944841346
Ecuador,ECU,55.09,55.709,56.226,56.74,57.254,57.766,58.277,58.785,59.291,59.796,60.299,60.799,61.118,61.316,61.514,61.711,61.907,62.104,62.3,62.495,62.69,62.851,62.988,63.125,63.261,63.398,63.534
"Egypt, Arab Rep.",EGY,43.478,43.345,43.212,43.079,42.946,42.814,42.681,42.658,42.704,42.75,42.797,42.843,42.889,42.935,42.981,43.027,43.073,43.078,43.058,43.039,43.019,43,42.946,42.893,42.839,42.785,42.732
Euro area,EMU,71.2200201807131,71.3830732988442,71.5320082694295,71.6961984885841,71.8785750721823,72.0563338849661,72.2322751123822,72.4058954968194,72.5775174150931,72.7537152632056,72.9421663791117,73.1472450926866,73.3907787154966,73.6413861696234,73.8868795366417,74.1299702142857,74.3678319507545,74.5966281749744,74.823148025173,75.0508906255318,75.2816981830028,75.509022879626,75.7236934634696,75.9291216578059,76.1281387053755,76.3397020364095,76.5543043808563
Eritrea,ERI,18.905,19.59,20.294,21.015,21.755,22.514,23.293,24.088,24.903,25.735,26.587,27.455,28.341,29.244,30.164,31.099,32.051,33.017,34,34.585,35.175,35.771,,,,,
Spain,ESP,75.351,75.528,75.61,75.692,75.774,75.856,75.938,76.019,76.1,76.181,76.262,76.343,76.533,76.778,77.022,77.263,77.502,77.74,77.976,78.21,78.442,78.673,78.902,79.133,79.366,79.602,79.84
Estonia,EST,71.231,71.046,70.86,70.674,70.487,70.3,70.111,69.923,69.733,69.543,69.368,69.242,69.116,68.989,68.862,68.735,68.607,68.479,68.351,68.223,68.094,67.965,67.974,68.122,68.269,68.416,68.563
Ethiopia,ETH,12.621,12.867,13.116,13.37,13.627,13.827,14.006,14.186,14.369,14.553,14.74,14.927,15.118,15.31,15.504,15.7,15.899,16.116,16.51,16.91,17.319,17.735,18.16,18.575,18.998,19.428,19.866
European Union,EUU,69.3689438749086,69.559145722582,69.7159908373219,69.8457596989455,69.9861021379748,70.126879295454,70.2668311941402,70.4015207920999,70.5331307565974,70.6697284137353,70.8257115525123,71.0122218287133,71.240383197793,71.4627479488955,71.68110569536,71.8999307913216,72.1166486134496,72.3363986401414,72.55503097159,72.7634112253781,72.9723262372457,73.1680576728495,73.3568881759925,73.5394058583083,73.7178487591467,73.9081841044899,74.1050270851854
Fragile and conflict affected situations,FCS,34.0513516867393,34.4745641912338,34.8667623532321,35.2242875892546,35.5213114149057,35.8269378660662,36.1377168190442,36.4722968963657,36.8173565077581,37.1664325622774,37.5127740191584,37.9482136856299,38.3677158173586,38.7813608115732,39.1839713453849,39.5889483295115,39.9959546124495,40.3340016093267,40.7571108974315,41.1864926004275,41.6301793877303,42.0392248608118,42.4371746920102,42.840224825355,43.2409912434745,43.6789961384569,44.1021124039759
Finland,FIN,79.367,79.843,80.128,80.409,80.688,80.963,81.223,81.466,81.707,81.946,82.183,82.368,82.503,82.638,82.772,82.905,83.037,83.168,83.299,83.429,83.77,84.313,84.841,85.125,85.175,85.225,85.275
Fiji,FJI,41.611,42.381,43.156,43.933,44.713,45.496,46.282,46.732,47.123,47.515,47.908,48.3,48.692,49.085,49.479,49.871,50.264,50.657,51.146,51.658,52.171,52.683,53.196,53.706,54.216,54.726,55.235
France,FRA,74.056,74.229,74.401,74.572,74.743,74.912,75.082,75.25,75.417,75.614,75.871,76.127,76.38,76.632,76.883,77.13,77.377,77.621,77.868,78.117,78.369,78.622,78.878,79.135,79.394,79.655,79.917
Faroe Islands,FRO,30.594,31.154,31.872,32.596,33.33,34.071,34.822,35.354,35.654,35.86,36.337,37.175,38.022,38.714,39.247,39.781,40.147,40.341,40.536,40.731,40.926,41.088,41.225,41.363,41.501,41.638,41.777
"Micronesia, Fed. Sts.",FSM,25.818,25.752,25.686,25.62,25.554,25.068,24.473,23.889,23.314,22.749,22.33,22.33,22.33,22.33,22.33,22.33,22.324,22.317,22.311,22.305,22.298,22.305,22.324,22.355,22.399,22.456,22.526
Gabon,GAB,69.143,70.462,71.749,72.999,73.921,74.797,75.654,76.49,77.306,78.102,78.879,79.633,80.368,81.083,81.778,82.452,83.107,83.742,84.359,84.955,85.533,86.092,86.634,87.156,87.651,88.118,88.559
United Kingdom,GBR,78.14,78.112,78.172,78.232,78.293,78.353,78.413,78.472,78.532,78.591,78.651,78.751,79.047,79.339,79.629,79.915,80.199,80.479,80.757,81.031,81.302,81.57,81.837,82.102,82.365,82.626,82.886
Georgia,GEO,55.038,54.799,54.559,54.32,54.08,53.841,53.6,53.36,53.12,52.879,52.638,52.398,52.441,52.83,53.218,53.605,53.992,54.379,54.765,55.15,55.535,55.919,56.303,56.685,57.067,57.448,57.837
Ghana,GHA,36.441,37.17,37.905,38.644,39.39,40.14,40.896,41.654,42.418,43.184,43.929,44.601,45.275,45.951,46.63,47.308,47.988,48.669,49.351,50.031,50.713,51.394,52.073,52.748,53.419,54.086,54.749
Gibraltar,GIB,100,100,100,100,100,100,100,100,100,100,100,100,100,100,100,100,100,100,100,100,100,100,100,100,100,100,100
Guinea,GIN,28.026,28.312,28.601,28.89,29.182,29.475,29.77,30.052,30.323,30.595,30.869,31.144,31.42,31.698,31.977,32.257,32.539,32.822,33.106,33.391,33.678,33.966,34.255,34.545,34.836,35.141,35.46
"Gambia, The",GMB,38.312,39.41,40.52,41.586,42.472,43.362,44.258,45.155,46.057,46.961,47.868,48.775,49.683,50.555,51.288,52.02,52.751,53.481,54.211,54.937,55.662,56.384,57.105,57.82,58.528,59.228,59.918
Guinea-Bissau,GNB,30.83,32.39,33.271,33.635,34.002,34.371,34.742,35.114,35.488,35.865,36.243,36.622,37.004,37.387,37.772,38.157,38.545,38.934,39.325,39.716,40.111,40.508,40.908,41.31,41.715,42.123,42.533
Equatorial Guinea,GNQ,34.745,35.748,36.766,37.792,38.831,40.494,42.187,43.893,45.616,47.35,49.092,50.832,52.573,54.307,56.033,57.74,59.431,61.1,62.745,64.358,65.94,67.488,69,69.544,70.083,70.616,71.138
Greece,GRC,71.467,71.635,71.757,71.878,71.998,72.119,72.239,72.358,72.478,72.597,72.716,72.913,73.303,73.689,74.073,74.452,74.827,75.199,75.568,75.932,76.292,76.649,77.004,77.355,77.702,78.046,78.387
Grenada,GRD,33.427,33.503,33.744,33.985,34.227,34.47,34.714,34.959,35.204,35.45,35.698,35.919,35.913,35.907,35.901,35.895,35.889,35.883,35.877,35.871,35.865,35.859,35.869,35.896,35.938,35.997,36.072
Greenland,GRL,79.698,80.033,80.301,80.503,80.703,80.902,81.1,81.226,81.351,81.476,81.6,81.849,82.095,82.338,82.58,82.858,83.172,83.482,83.787,84.087,84.383,84.755,85.2,85.551,85.813,86.071,86.326
Guatemala,GTM,41.992,42.323,42.655,42.987,43.32,43.654,43.989,44.323,44.659,44.995,45.332,45.668,46.005,46.318,46.616,46.913,47.21,47.508,47.807,48.104,48.403,48.701,49,49.311,49.634,49.971,50.319
Guam,GUM,90.796,91.061,91.32,91.571,91.816,92.055,92.287,92.513,92.733,92.946,93.129,93.233,93.334,93.435,93.534,93.631,93.727,93.822,93.916,94.008,94.099,94.188,94.277,94.364,94.449,94.534,94.617
Guyana,GUY,29.583,29.493,29.404,29.315,29.226,29.137,29.048,28.959,28.871,28.782,28.694,28.606,28.518,28.307,28.064,27.822,27.582,27.343,27.105,26.869,26.634,26.4,26.4,26.4,26.414,26.441,26.482
High income,HIC,74.2603306442061,74.5331774494987,74.7394505088471,74.989908259665,75.2435123536542,75.5298701759786,75.7699322578608,75.9979426472745,76.2254965298844,76.4512681249,76.6729639997514,77.0109843519053,77.4005043258832,77.7659902460658,78.120404008579,78.4622475636815,78.7772590924,79.0752912998808,79.3651661969998,79.6440986131728,79.9155955032324,80.121242530739,80.2943860258341,80.4625126196037,80.6297511961333,80.8022128299287,80.9765986304945
"Hong Kong SAR, China",HKG,99.517,99.832,99.979,100,100,100,100,100,100,100,100,100,100,100,100,100,100,100,100,100,100,100,100,100,100,100,100
Honduras,HND,40.46,40.953,41.448,41.943,42.441,42.941,43.442,43.944,44.447,44.952,45.458,45.964,46.61,47.267,47.927,48.585,49.245,49.905,50.566,51.225,51.885,52.543,53.202,53.858,54.514,55.165,55.813
Heavily indebted poor countries (HIPC),HPC,25.4118900271845,25.8358020085054,26.2470470989734,26.6284923893516,26.9422616035612,27.2431830663789,27.5370260493218,27.842723838693,28.1368970163387,28.4306089564344,28.7255217571738,29.0543568985805,29.3934168264949,29.7457436413758,30.0957305007046,30.4643116349724,30.8420047625479,31.1569943863051,31.5917493717592,32.0291695824784,32.470697615945,32.9153280280704,33.3419289066773,33.7688407539185,34.201294634656,34.641468801197,35.0890803997938
Croatia,HRV,51.037,51.357,51.588,51.818,52.048,52.279,52.509,52.739,52.968,53.198,53.428,53.642,53.81,53.979,54.147,54.315,54.483,54.651,54.819,54.987,55.155,55.322,55.506,55.706,55.923,56.155,56.403
Haiti,HTI,28.51,29.641,30.8,31.39,31.987,32.59,33.2,33.792,34.389,34.992,35.6,37.251,38.935,40.645,41.679,42.638,43.604,44.574,45.551,46.528,47.509,48.492,49.477,50.46,51.444,52.427,53.396
Hungary,HUN,65.838,65.713,65.587,65.461,65.335,65.209,65.083,64.956,64.829,64.702,64.575,64.67,65.081,65.489,65.896,66.365,66.895,67.421,67.943,68.46,68.911,69.358,69.678,69.953,70.227,70.5,70.779
IBRD only,IBD,38.387039358204,38.8887679727392,39.3918304517718,39.8985021751029,40.4089238547667,40.9197226487854,41.4316287570206,41.9490674049622,42.4747527043073,43.0058718603402,43.5469512956056,44.138116207248,44.7850466829126,45.4408546997852,46.1027673734394,46.7684375173367,47.4218421277232,48.0695868177141,48.7202561919839,49.3727075122974,50.027162795415,50.6596359795293,51.2855477366696,51.9109918077332,52.5368678326598,53.1603647855854,53.7823647380138
IDA & IBRD total,IBT,35.926057579521,36.3815918377882,36.8333819714986,37.2842556566787,37.7310628899496,38.1770147513533,38.6235026209462,39.0749123769169,39.5305687516698,39.9876971231895,40.4522209174995,40.9684637080091,41.5309403679864,42.0999473978241,42.6730263132,43.2505554439387,43.8189810333325,44.3761432784706,44.947620150126,45.5205696818196,46.0944897411156,46.6442741438672,47.1845596565483,47.724081013109,48.2641268035898,48.8075193598832,49.3495993246101
IDA total,IDA,25.7334765843223,26.1103159808653,26.4734273476592,26.8235348172523,27.1427753319643,27.4614004049671,27.7829532167309,28.1102345065649,28.4313558240813,28.7457656773964,29.0684389075126,29.4564887082636,29.8634591477088,30.2750076555515,30.6904407379762,31.1191304177199,31.5569787935048,31.9723903712679,32.4451702353194,32.9204656505416,33.3999186507852,33.8486283045195,34.2773241440978,34.7080606561449,35.1461678232291,35.6131168201913,36.0858796908057
IDA blend,IDB,30.6075202490994,30.9648518668357,31.3262200179177,31.6778342071447,32.0284473707587,32.3812701445971,32.739621600903,33.0955444423107,33.4452941579588,33.7788454859235,34.1232912719184,34.5720451688927,35.0267904675487,35.4704925966827,35.9176320191908,36.3706999781581,36.8309802935483,37.2980601460257,37.7716676830509,38.2494731188206,38.7413656174561,39.2125917391633,39.6567631239856,40.1029026351629,40.5525046027657,41.0052881488064,41.4597013002718
Indonesia,IDN,30.584,31.613,32.703,33.808,34.933,36.076,37.235,38.406,39.593,40.792,42.002,42.783,43.568,44.356,45.149,45.942,46.738,47.535,48.335,49.134,49.914,50.595,51.276,51.955,52.635,53.313,53.989
IDA only,IDX,23.2270547634708,23.6152227717135,23.9818740230978,24.3345452141032,24.6410727184454,24.9446853309016,25.248036330774,25.5600568855853,25.8658017625901,26.1711884677394,26.484115841792,26.8440538393818,27.2305353599802,27.6299784022722,28.032962425388,28.4517004763403,28.879251948555,29.2681492487642,29.7389837997237,30.2105827898862,30.6787495364308,31.1106266936242,31.5277152631994,31.9467500906982,32.3754635055031,32.8469868705746,33.3274338420681
Isle of Man,IMN,51.746,51.745,51.754,51.764,51.773,51.783,51.792,51.8,51.808,51.815,51.823,51.833,51.851,51.869,51.887,51.905,51.922,51.94,51.958,51.976,51.994,52.012,52.046,52.096,52.162,52.245,52.343
India,IND,25.547,25.778,25.984,26.191,26.399,26.607,26.817,27.028,27.24,27.453,27.667,27.918,28.244,28.572,28.903,29.235,29.569,29.906,30.246,30.587,30.93,31.276,31.634,32.003,32.384,32.777,33.182
Not classified,INX,,,,,,,,,,,,,,,,,,,,,,,,,,,
Ireland,IRL,56.929,57.073,57.293,57.512,57.731,57.949,58.173,58.419,58.664,58.91,59.155,59.399,59.649,59.925,60.202,60.477,60.738,60.94,61.141,61.342,61.542,61.742,61.942,62.141,62.34,62.538,62.737
"Iran, Islamic Rep.",IRN,56.33,56.865,57.653,58.519,59.38,60.236,61.087,61.853,62.588,63.318,64.042,64.758,65.468,66.172,66.869,67.558,68.239,68.864,69.458,70.045,70.626,71.2,71.755,72.295,72.83,73.358,73.88
Iraq,IRQ,69.706,69.522,69.337,69.152,68.966,68.78,68.593,68.405,68.388,68.442,68.496,68.55,68.604,68.658,68.712,68.766,68.819,68.873,68.927,68.98,69.103,69.268,69.432,69.595,69.758,69.921,70.094
Iceland,ISL,90.75,90.932,91.112,91.287,91.46,91.63,91.797,91.96,92.121,92.267,92.401,92.532,92.662,92.789,92.914,93.037,93.159,93.278,93.395,93.511,93.574,93.587,93.6,93.633,93.667,93.7,93.735
Israel,ISR,90.359,90.463,90.565,90.666,90.767,90.866,90.943,91.009,91.074,91.139,91.203,91.267,91.33,91.393,91.456,91.518,91.58,91.641,91.702,91.763,91.826,91.892,91.96,92.031,92.104,92.179,92.256
Italy,ITA,66.726,66.706,66.742,66.802,66.862,66.922,66.982,67.042,67.102,67.162,67.222,67.282,67.382,67.501,67.62,67.738,67.856,67.974,68.092,68.209,68.327,68.444,68.684,68.979,69.272,69.565,69.855
Jamaica,JAM,49.444,49.656,49.896,50.136,50.375,50.615,50.855,51.095,51.335,51.574,51.814,52.053,52.251,52.437,52.625,52.811,52.998,53.184,53.371,53.557,53.743,53.93,54.132,54.35,54.584,54.833,55.098
Jordan,JOR,73.291,74.455,75.586,76.68,77.74,78.207,78.22,78.232,78.245,78.258,78.27,78.283,78.296,78.308,78.321,79.485,80.97,82.371,83.692,84.928,86.088,87.172,88.185,89.125,90,90.256,90.506
Japan,JPN,77.339,77.473,77.61,77.746,77.881,78.016,78.145,78.272,78.398,78.523,78.649,79.99,81.647,83.196,84.64,85.978,87.118,88.146,89.103,89.989,90.812,91.069,91.148,91.226,91.304,91.381,91.457
Kazakhstan,KAZ,56.266,56.175,56.083,55.992,55.9,55.921,55.943,55.964,55.986,56.025,56.098,56.171,56.244,56.317,56.39,56.463,56.536,56.609,56.682,56.755,56.827,56.9,56.973,57.046,57.118,57.191,57.264
Kenya,KEN,16.748,17.043,17.342,17.645,17.952,18.263,18.579,18.898,19.222,19.55,19.892,20.239,20.591,20.948,21.31,21.675,22.045,22.42,22.8,23.183,23.571,23.969,24.376,24.794,25.221,25.658,26.105
Kyrgyz Republic,KGZ,37.777,37.49,37.203,36.918,36.633,36.349,36.066,35.785,35.504,35.3,35.298,35.296,35.295,35.293,35.292,35.29,35.289,35.287,35.285,35.284,35.306,35.352,35.423,35.517,35.635,35.777,35.944
Cambodia,KHM,15.546,15.887,16.234,16.587,16.946,17.311,17.683,18.06,18.355,18.47,18.586,18.703,18.82,18.937,19.055,19.174,19.293,19.413,19.571,19.93,20.294,20.663,21.037,21.415,21.799,22.188,22.582
Kiribati,KIR,34.987,35.272,35.555,35.839,36.123,36.409,37.386,38.752,40.138,41.54,42.958,43.473,43.492,43.512,43.532,43.551,44.03,44.866,45.706,46.547,47.39,48.235,49.082,49.927,50.773,51.619,52.45
St. Kitts and Nevis,KNA,34.609,34.474,34.283,34.093,33.904,33.715,33.526,33.339,33.151,32.965,32.778,32.598,32.455,32.312,32.17,32.028,31.886,31.744,31.603,31.463,31.322,31.182,31.062,30.964,30.885,30.827,30.79
"Korea, Rep.",KOR,73.844,74.972,75.82,76.645,77.452,78.239,78.662,78.905,79.145,79.384,79.621,79.94,80.299,80.652,81.002,81.345,81.528,81.631,81.733,81.835,81.936,81.923,81.851,81.779,81.707,81.634,81.562
Kuwait,KWT,97.974,97.988,98.002,98.016,98.029,98.096,98.325,98.527,98.705,98.862,99,99.908,100,100,100,100,100,100,100,100,100,100,100,100,100,100,100
Latin America & Caribbean (excluding high income),LAC,70.1118422912535,70.65619548636,71.1743869046711,71.6728005649925,72.176443494771,72.6752773971763,73.1509913822427,73.6363410491301,74.1170363257726,74.5815475506561,75.0434234641867,75.4152252607318,75.7568487840909,76.0948837697674,76.4181725708263,76.7351184914456,77.0484476833455,77.3577415489326,77.6604392235153,77.9556524462202,78.2456963486687,78.5370601129727,78.8228946890549,79.1015244650238,79.3743199188564,79.6403526503862,79.8989036388271
Lao PDR,LAO,15.437,15.782,16.133,16.49,16.854,17.378,18.234,19.12,20.039,20.991,21.977,22.993,24.044,25.126,26.242,27.186,27.748,28.316,28.893,29.475,30.064,30.66,31.264,31.872,32.487,33.108,33.736
Lebanon,LBN,83.12,83.472,83.818,84.157,84.491,84.82,85.142,85.459,85.77,85.885,86,86.118,86.24,86.366,86.494,86.627,86.762,86.901,87.042,87.187,87.334,87.484,87.636,87.79,87.947,88.106,88.266
Liberia,LBR,55.422,58,55.019,52.009,48.981,45.96,42.964,43.304,43.646,43.988,44.331,44.673,45.017,45.361,45.706,46.051,46.396,46.742,47.088,47.445,47.813,48.193,48.583,48.985,49.397,49.82,50.254
Libya,LBY,75.723,75.777,75.832,75.886,75.94,75.994,76.048,76.114,76.193,76.284,76.387,76.502,76.629,76.768,76.919,77.08,77.253,77.437,77.632,77.837,78.052,78.277,78.512,78.756,79.009,79.27,79.54
St. Lucia,LCA,29.349,29.572,29.369,29.167,28.965,28.765,28.565,28.366,28.168,27.971,27.774,27.473,26.329,25.216,24.133,23.085,22.068,21.084,20.131,19.213,18.45,18.45,18.45,18.461,18.482,18.515,18.558
Latin America & Caribbean,LCN,70.6725041415995,71.1959456952056,71.6959731763274,72.1828593233749,72.6747352462325,73.1618961462176,73.6273610913974,74.1016111258768,74.5721892200751,75.0254218866338,75.4746965043115,75.833931260976,76.1630669350033,76.4835325637777,76.7902254714732,77.0909932870146,77.3884222612172,77.6821363142558,77.9698863351563,78.2506971478403,78.5267610666317,78.8036068756718,79.0751681437199,79.3403066340881,79.6000765092068,79.8540130312268,80.1015736199983
Least developed countries: UN classification,LDC,21.5091040673711,21.9333353561247,22.3355750115227,22.7241770408569,23.062522993405,23.3857278614581,23.7079206890549,24.0395630120242,24.365068133908,24.6910041014712,25.0240866391974,25.4114491522455,25.829271626382,26.2616894735881,26.6953842877655,27.1423979918287,27.5830163559053,27.9786236936026,28.4652219773994,28.9611615881836,29.4653155431652,29.9767766102573,30.4776716582344,30.9807349547645,31.4886994868221,32.0012686241627,32.5185151687389
Low income,LIC,23.268105350077,23.5930040402566,23.9113599246546,24.2205605208166,24.5079859194995,24.7829623013711,25.0503110767484,25.3302459998133,25.5991713110661,25.8701144806419,26.1508335317653,26.4588422172194,26.7562909511353,27.0682048359614,27.3792315368561,27.7145288425662,28.0642999337459,28.3499675411264,28.7625181633735,29.1716611751618,29.5727082436299,29.9140076042247,30.2309749978618,30.5512274079951,30.8863850291928,31.2873622959038,31.7016512701478
Liechtenstein,LIE,16.928,16.821,16.736,16.651,16.566,16.482,16.29,15.994,15.702,15.414,15.13,14.962,14.906,14.85,14.795,14.739,14.684,14.629,14.574,14.519,14.464,14.41,14.367,14.334,14.313,14.303,14.303
Sri Lanka,LKA,18.535,18.52,18.504,18.489,18.473,18.458,18.442,18.427,18.411,18.396,18.38,18.365,18.349,18.334,18.319,18.303,18.288,18.272,18.257,18.242,18.226,18.211,18.196,18.198,18.218,18.256,18.311
Lower middle income,LMC,29.7946686810305,30.1310019099966,30.4589224248091,30.7835583419886,31.095933855002,31.4014955544493,31.7106123825349,32.0251974026726,32.3427275795501,32.6589414891647,32.983802585578,33.3142229209203,33.6950291342363,34.0809767651676,34.4737930749439,34.8732612598115,35.274774910247,35.6811766079327,36.0941086684558,36.5129937160364,36.9380450630453,37.3635339549483,37.7917650095363,38.2269032945861,38.6682805830304,39.1176455874562,39.5731870618384
Low & middle income,LMY,35.6963606561458,36.1585856660641,36.6164402840891,37.0721780868353,37.5234337127441,37.9738890625409,38.424882261077,38.8806321628949,39.3401930852901,39.8011658631692,40.2713196482886,40.7923903504482,41.3597857473854,41.9350493284847,42.5139899266761,43.0970637087566,43.6706818717232,44.2326971266476,44.8088771959897,45.386738032832,45.9660205065247,46.5207143069685,47.0659960291113,47.6103446456889,48.1549727727069,48.7026612350103,49.248569604555
Lesotho,LSO,13.967,14.527,15.106,15.703,16.319,16.955,17.571,18.049,18.538,19.038,19.548,20.067,20.597,21.137,21.689,22.249,22.82,23.304,23.796,24.293,24.798,25.31,25.704,26.101,26.502,26.908,27.317
Late-demographic dividend,LTE,38.7604966408223,39.3916314371166,39.9770702528924,40.63438355674,41.3009532487954,42.020940607232,42.7047525963374,43.4046919815181,44.1204219464819,44.8507404631179,45.6030444289601,46.4809615046913,47.4316649323505,48.4003522445484,49.3854216875097,50.3825210414844,51.3654299608729,52.3440507637772,53.3301132437231,54.3166117752474,55.3033034216565,56.2335557479902,57.1401554975382,58.0378123285694,58.9320780826094,59.8225736921212,60.7087954239268
Lithuania,LTU,67.583,67.523,67.464,67.404,67.345,67.285,67.225,67.166,67.106,67.046,66.986,66.919,66.828,66.737,66.646,66.635,66.706,66.777,66.848,66.842,66.757,66.741,66.864,66.986,67.108,67.23,67.366
Luxembourg,LUX,80.947,81.13,81.528,81.857,82.482,82.893,82.825,82.779,82.893,83.448,84.216,84.843,85.299,85.743,86.177,86.598,87.009,87.409,87.8,88.178,88.547,88.906,89.249,89.574,89.884,90.179,90.46
Latvia,LVA,69.25,69.201,68.852,68.799,68.901,68.75,68.65,68.6,68.451,68.22,68.067,67.95,67.85,67.8,67.9,68,67.967,67.9,67.834,67.814,67.841,67.869,67.897,67.925,67.952,67.98,68.021
"Macao SAR, China",MAC,99.763,99.805,99.839,99.867,99.891,99.91,99.98,100,100,100,100,100,100,100,100,100,100,100,100,100,100,100,100,100,100,100,100
St. Martin (French part),MAF,,,,,,,,,,,,,,,,,,,,,,,,,,,
Morocco,MAR,48.391,49.117,49.844,50.569,51.295,51.692,52.022,52.35,52.678,53.007,53.335,53.662,53.99,54.317,54.644,55.174,55.746,56.317,56.886,57.452,58.018,58.581,59.142,59.7,60.256,60.809,61.36
Monaco,MCO,100,100,100,100,100,100,100,100,100,100,100,100,100,100,100,100,100,100,100,100,100,100,100,100,100,100,100
Moldova,MDA,46.762,46.669,46.575,46.481,46.387,46.294,46.2,45.797,45.394,44.992,44.589,44.189,43.789,43.389,42.99,42.775,42.744,42.713,42.682,42.651,42.62,42.589,42.558,42.527,42.496,42.49,42.511
Madagascar,MDG,23.566,24.119,24.681,25.251,25.536,25.796,26.058,26.321,26.586,26.853,27.121,27.391,27.663,27.936,28.211,28.814,29.425,30.043,30.67,31.301,31.938,32.58,33.227,33.878,34.534,35.193,35.856
Maldives,MDV,25.84,25.776,25.713,25.649,25.586,25.638,26.008,26.379,26.755,27.134,27.706,28.859,30.042,31.252,32.49,33.75,34.794,35.2,35.61,36.021,36.434,36.849,37.267,37.685,38.106,38.529,38.954
Middle East & North Africa,MEA,54.9404442331794,55.3185367553234,55.4209021251603,55.8470360722147,56.2517561713938,56.8316518492975,57.15744071853,57.4951185198961,57.853947087212,58.2232717464666,58.5956742955636,58.9717104798247,59.3429523958217,59.7163394884012,60.0981861917883,60.5241601948569,60.9667334117206,61.3951815478624,61.8161742029379,62.2380088218529,62.656620837851,63.0020017003942,63.3402890474028,63.674322747088,64.0000695782906,64.3709008106138,64.7195475050848
Mexico,MEX,71.419,71.816,72.209,72.598,72.985,73.368,73.67,73.929,74.186,74.441,74.722,75.045,75.365,75.682,75.997,76.308,76.616,76.92,77.222,77.52,77.815,78.111,78.405,78.699,78.993,79.285,79.577
Marshall Islands,MHL,65.054,65.392,65.728,66.063,66.396,66.727,67.058,67.385,67.712,68.053,68.58,69.101,69.618,70.13,70.637,71.138,71.635,72.126,72.613,73.093,73.568,74.038,74.498,74.946,75.384,75.811,76.228
Middle income,MIC,36.743865798084,37.2293907831257,37.7126249359781,38.1956245264108,38.6762380316107,39.157256893147,39.6395099803572,40.1259135037997,40.6181653385376,41.1132325283821,41.6192361575699,42.1804113795178,42.7952959362166,43.4190842013256,44.0485641546235,44.6814830851524,45.3039491710607,45.9218293673705,46.5426660555914,47.1656425156432,47.7907993148667,48.3947546962944,48.9908828221405,49.5859950671993,50.1810819818106,50.7738693398268,51.3649982539434
North Macedonia,MKD,57.789,58.234,58.764,59.291,59.794,59.587,59.38,59.172,58.965,58.757,58.548,58.339,58.13,57.921,57.711,57.532,57.383,57.264,57.175,57.117,57.089,57.092,57.125,57.189,57.284,57.408,57.563
Mali,MLI,23.322,23.751,24.186,24.624,25.069,25.519,25.975,26.434,26.948,27.646,28.356,29.075,29.806,30.547,31.3,32.06,32.832,33.612,34.403,35.2,35.999,36.799,37.599,38.398,39.196,39.991,40.783
Malta,MLT,90.381,90.497,90.611,90.723,90.835,90.946,91.181,91.492,91.793,92.085,92.368,92.641,92.905,93.16,93.407,93.645,93.784,93.857,93.929,94.001,94.072,94.141,94.211,94.279,94.347,94.414,94.48
Myanmar,MMR,25.243,25.418,25.593,25.769,25.946,26.124,26.303,26.482,26.663,26.843,27.025,27.208,27.391,27.575,27.76,27.946,28.132,28.319,28.507,28.695,28.885,29.075,29.266,29.457,29.65,29.858,30.082
Middle East & North Africa (excluding high income),MNA,51.7674708866369,52.1067687489315,52.5086932106371,52.927918623215,53.3408964271083,53.6971827958717,54.031922307008,54.3690356920465,54.7237970407773,55.0848325610292,55.4468294851353,55.8095571237963,56.1739008038648,56.5354723776762,56.8891047563787,57.2716628621338,57.6536014565401,58.0053149979868,58.3442960456208,58.6889096996447,59.0509548191829,59.3424433747814,59.6375022268567,59.9402257031459,60.2416638836733,60.6016305470766,60.9416846531516
Montenegro,MNE,48.037,49.165,50.218,51.267,52.317,53.365,54.412,55.451,56.488,57.518,58.544,59.559,60.568,61.568,62.127,62.465,62.803,63.139,63.475,63.808,64.14,64.472,64.804,65.137,65.471,65.806,66.141
Mongolia,MNG,57.033,56.987,56.942,56.896,56.851,56.805,56.76,56.714,56.669,56.623,57.133,58.222,59.304,60.378,61.443,62.494,63.535,64.564,65.581,66.58,67.567,67.963,68.03,68.097,68.163,68.23,68.297
Northern Mariana Islands,MNP,89.731,89.697,89.662,89.627,89.592,89.557,89.655,89.784,89.912,90.038,90.152,90.235,90.316,90.398,90.478,90.558,90.638,90.716,90.795,90.872,90.949,91.028,91.108,91.19,91.273,91.357,91.443
Mozambique,MOZ,25,25.487,25.98,26.479,26.984,27.495,28.013,28.535,28.742,28.92,29.098,29.277,29.457,29.637,29.818,29.999,30.182,30.364,30.832,31.328,31.83,32.336,32.846,33.36,33.878,34.4,34.926
Mauritania,MRT,39.323,39.199,39.075,38.952,38.829,38.705,38.582,38.459,38.337,38.214,38.091,38.616,39.48,40.351,41.229,42.111,42.998,43.89,44.788,45.686,46.588,47.493,48.4,49.306,50.203,51.089,51.962
Mauritius,MUS,43.9,43.777,43.653,43.53,43.407,43.284,43.161,43.038,42.916,42.793,42.67,42.559,42.447,42.335,42.223,42.112,42,41.889,41.777,41.666,41.555,41.444,41.332,41.222,41.111,41,40.91
Malawi,MWI,11.56,11.885,12.218,12.558,12.907,13.263,13.629,14.002,14.384,14.522,14.61,14.698,14.786,14.875,14.964,15.054,15.144,15.235,15.326,15.429,15.544,15.672,15.812,15.966,16.132,16.313,16.506
Malaysia,MYS,49.794,50.576,51.814,53.109,54.402,55.688,56.969,58.237,59.496,60.742,61.977,62.922,63.856,64.78,65.694,66.594,67.483,68.36,69.225,70.075,70.912,71.609,72.275,72.93,73.577,74.213,74.84
North America,NAC,75.433269385553,75.7977724060751,76.1805739886747,76.5587808007626,76.9331928406778,77.303026135342,77.6716844395965,78.0452053948431,78.4154931912791,78.7816690106203,79.102424122048,79.2946418428749,79.46014242817,79.6247761798829,79.789293363425,79.9510092230201,80.1140965269405,80.2853299051227,80.4555795945244,80.624752343843,80.7919856987222,80.9626422241652,81.1243012759744,81.2903741323439,81.4598720092243,81.6330941870292,81.8087699963432
Namibia,NAM,27.656,27.919,28.336,28.823,29.316,29.813,30.316,30.823,31.335,31.851,32.373,32.898,33.766,34.709,35.666,36.632,37.61,38.598,39.597,40.601,41.616,42.637,43.693,44.756,45.826,46.9,47.961
New Caledonia,NCL,59.577,59.719,59.862,60.004,60.146,60.288,60.475,60.838,61.199,61.559,61.919,62.276,62.632,62.987,63.341,63.965,64.638,65.306,65.969,66.624,67.102,67.565,68.024,68.479,68.931,69.379,69.821
Niger,NER,15.368,15.449,15.529,15.61,15.691,15.773,15.855,15.937,16.02,16.103,16.186,16.26,16.255,16.251,16.247,16.242,16.238,16.234,16.229,16.225,16.221,16.216,16.212,16.208,16.219,16.247,16.29
Nigeria,NGA,29.68,30.176,30.677,31.182,31.691,32.205,32.725,33.247,33.773,34.304,34.84,35.669,36.508,37.356,38.212,39.074,39.943,40.819,41.702,42.588,43.48,44.366,45.246,46.118,46.982,47.838,48.683
Nicaragua,NIC,53.075,53.352,53.63,53.907,54.183,54.437,54.587,54.737,54.886,55.036,55.185,55.335,55.484,55.633,55.782,55.935,56.132,56.328,56.525,56.721,56.917,57.113,57.309,57.505,57.7,57.895,58.09
Netherlands,NLD,68.684,69.329,70.223,71.1,71.962,72.809,73.64,74.453,75.25,76.03,76.795,77.83,79.113,80.341,81.514,82.63,83.636,84.539,85.402,86.288,87.134,87.879,88.588,89.187,89.69,90.173,90.635
Norway,NOR,71.956,72.265,72.665,73.061,73.453,73.787,74.062,74.476,75.027,75.569,76.02,76.378,76.733,77.084,77.399,77.675,77.95,78.234,78.526,78.815,79.102,79.455,79.874,80.286,80.692,81.091,81.485
Nepal,NPL,8.854,9.18,9.582,9.999,10.433,10.883,11.35,11.834,12.336,12.857,13.397,13.947,14.24,14.538,14.841,15.149,15.462,15.781,16.105,16.434,16.768,17.108,17.458,17.815,18.182,18.557,18.942
Nauru,NRU,100,100,100,100,100,100,100,100,100,100,100,100,100,100,100,100,100,100,100,100,100,100,100,100,100,100,100
New Zealand,NZL,84.742,84.95,85.103,85.254,85.404,85.553,85.7,85.781,85.861,85.941,86.021,86.1,86.161,86.221,86.281,86.341,86.4,86.34,86.28,86.22,86.16,86.1,86.161,86.221,86.281,86.341,86.4
OECD members,OED,73.2160858539094,73.4943051992688,73.7527364735137,74.0156196990764,74.2842608256741,74.5508804737629,74.7942053546032,75.0273962724199,75.2595775604946,75.4921919123881,75.7232389653102,76.0674710750714,76.4672462116241,76.8469327004704,77.2112188809886,77.5610669737733,77.88382111567,78.188280623533,78.4839705862201,78.7705644339161,79.0505205409302,79.2672538255332,79.4538350746471,79.6377147649518,79.8212875304,80.0096038638949,80.2005021191539
Oman,OMN,66.102,67.796,69.447,71.044,71.688,71.669,71.649,71.629,71.609,71.589,71.569,71.549,71.529,71.509,71.827,72.4,72.967,73.527,74.08,74.624,75.161,76.183,77.564,78.882,80.145,81.35,82.5
Other small states,OSS,45.4121395707558,46.0697679100021,46.4746219303254,46.8072447849736,47.1359349086874,47.5110233645295,47.9264035989343,48.3612240127324,48.8054695728031,49.2952045624036,49.8209902669071,50.3641504806915,50.9250334516653,51.5285420259442,52.1901235763087,52.9366580164541,53.7576448461817,54.7098447972115,55.6894080225888,56.621601725285,57.4766600771289,58.2467809572079,58.9122885949953,59.4973871821482,60.0547692281278,60.5953654613588,61.1179903687112
Pakistan,PAK,30.576,30.826,31.077,31.329,31.582,31.836,32.092,32.348,32.585,32.783,32.982,33.18,33.38,33.58,33.781,33.982,34.184,34.387,34.59,34.793,34.997,35.202,35.408,35.613,35.819,36.026,36.234
Panama,PAN,53.903,54.757,55.609,56.456,57.301,58.141,58.978,59.807,60.632,61.451,62.198,62.497,62.794,63.091,63.387,63.682,63.976,64.268,64.56,64.851,65.14,65.437,65.741,66.052,66.371,66.696,67.027
Peru,PER,68.901,69.3,69.697,70.089,70.521,70.951,71.377,71.798,72.216,72.631,73.042,73.448,73.85,74.249,74.644,75.034,75.421,75.803,76.052,76.241,76.43,76.617,76.804,76.989,77.173,77.357,77.539
Philippines,PHL,46.986,46.901,46.815,46.73,46.645,46.56,46.475,46.39,46.305,46.22,46.135,46.05,45.965,45.88,45.795,45.71,45.625,45.54,45.455,45.371,45.332,45.522,45.712,45.903,46.093,46.284,46.475
Palau,PLW,69.593,69.966,70.337,70.704,71.069,71.431,71.306,71.066,70.825,70.582,70.338,70.093,69.847,69.6,70.383,71.152,71.91,72.655,73.389,74.109,74.817,75.511,76.194,76.862,77.517,78.159,78.775
Papua New Guinea,PNG,14.994,14.816,14.629,14.445,14.262,14.081,13.901,13.724,13.549,13.375,13.204,13.182,13.164,13.146,13.127,13.109,13.091,13.073,13.055,13.037,13.019,13,12.982,12.978,12.988,13.012,13.05
Poland,POL,61.27,61.315,61.359,61.404,61.449,61.493,61.538,61.583,61.627,61.672,61.716,61.761,61.787,61.676,61.564,61.452,61.341,61.229,61.116,61.004,60.892,60.78,60.654,60.529,60.403,60.278,60.178
Pre-demographic dividend,PRE,28.3426850158945,28.7737349993037,29.180041952086,29.5752492425437,29.9134120483373,30.2494643101467,30.5929623035558,30.9594403449714,31.3300954094934,31.701104168294,32.069050504144,32.5118277608676,32.959115707791,33.4274667623173,33.9033064616989,34.3938648490824,34.8768849797482,35.3034969416363,35.8148479185285,36.3355039452968,36.8724270933765,37.4221737528511,37.961991742767,38.5052085341605,39.0497427304953,39.5938901250117,40.1368381981726
Puerto Rico,PRI,92.942,93.106,93.267,93.424,93.578,93.729,93.876,94.02,94.161,94.298,94.387,94.333,94.278,94.224,94.168,94.112,94.056,93.999,93.942,93.884,93.825,93.773,93.726,93.686,93.651,93.624,93.602
"Korea, Dem. Peopleâ€™s Rep.",PRK,58.384,58.531,58.679,58.826,58.939,59.018,59.097,59.176,59.255,59.334,59.412,59.491,59.57,59.648,59.727,59.805,59.884,59.962,60.04,60.195,60.377,60.557,60.738,60.918,61.098,61.277,61.471
Portugal,PRT,47.915,48.469,49.13,49.789,50.449,51.109,51.77,52.428,53.086,53.743,54.399,55.044,55.666,56.287,56.907,57.522,58.137,58.749,59.359,59.964,60.567,61.167,61.763,62.352,62.936,63.514,64.086
Paraguay,PRY,48.694,49.439,50.186,50.844,51.488,52.131,52.774,53.414,54.054,54.693,55.331,55.966,56.6,56.977,57.305,57.633,57.96,58.286,58.612,58.937,59.261,59.584,59.907,60.197,60.474,60.75,61.026
West Bank and Gaza,PSE,67.709,68.219,68.726,69.227,69.724,70.216,70.705,71.187,71.524,71.747,71.969,72.189,72.409,72.627,72.845,73.061,73.276,73.491,73.704,73.923,74.149,74.381,74.619,74.863,75.113,75.368,75.628
Pacific island small states,PSS,31.5111765551262,31.8756683762898,32.2455079749458,32.6172936036855,32.9875493078793,33.3295617814696,33.6866754627186,33.9160934434818,34.1191191215016,34.3180789998103,34.5438807002668,34.7563625207609,34.9210099746869,35.077566272784,35.2558099783865,35.4490439459065,35.6832466188991,35.9506762636095,36.2634781571241,36.5764173467306,36.8585337380262,37.1078306792137,37.3390131056972,37.5635862869273,37.8026175157066,38.041259603629,38.2907357416781
Post-demographic dividend,PST,74.0603494537475,74.3173015211279,74.5665150189431,74.8158525118124,75.0730975834635,75.330289589211,75.5731872125304,75.8010236927034,76.027402090768,76.252468791795,76.4692846091502,76.8152430665604,77.2220992998902,77.6109507569456,77.9863190215255,78.3472642728683,78.6774866393866,78.9883072687312,79.2894844733173,79.5779281876677,79.8551061186935,80.0639782570373,80.2373364345989,80.4049521489009,80.5730546338616,80.7459607801151,80.9204443180372
French Polynesia,PYF,57.852,57.61,57.367,57.124,56.881,56.637,56.393,56.285,56.205,56.126,56.047,55.967,55.888,56.242,56.831,57.417,58.002,58.585,59.166,59.742,60.317,60.889,61.459,61.583,61.633,61.683,61.734
Qatar,QAT,92.786,93.291,93.763,94.203,94.614,94.998,95.356,95.659,95.888,96.105,96.311,96.506,96.692,96.868,97.09,97.396,97.671,97.917,98.139,98.336,98.501,98.602,98.697,98.785,98.868,98.945,99.015
Romania,ROU,53.217,53.93,54.227,54.074,53.922,53.769,53.616,53.463,53.311,53.158,53.004,52.852,52.78,52.912,53.043,53.174,53.305,53.436,53.567,53.698,53.829,53.96,53.974,53.937,53.9,53.887,53.9
Russian Federation,RUS,73.394,73.389,73.385,73.381,73.376,73.372,73.367,73.363,73.359,73.354,73.35,73.346,73.341,73.373,73.418,73.463,73.508,73.553,73.598,73.642,73.687,73.732,73.791,73.863,73.95,74.05,74.164
Rwanda,RWA,5.416,5.491,6.288,7.313,8.49,9.837,11.374,12.466,13.244,14.064,14.926,15.829,16.777,16.904,16.908,16.912,16.917,16.921,16.925,16.93,16.934,16.938,16.943,16.947,16.967,17.004,17.056
South Asia,SAS,25.0648202379086,25.3138572626788,25.5353509267767,25.7579079317206,25.9829792325926,26.2103756821725,26.4424364165344,26.6776286080751,26.9135844389444,27.1470576219193,27.3813026238155,27.6535385622869,27.9916966690005,28.3321712833977,28.6773286939167,29.0258642605867,29.3778274891074,29.7336382141307,30.0929786468128,30.4539447876108,30.8173672497107,31.1838911739091,31.5607072640053,31.9444456764314,32.3368459178729,32.7375612918406,33.1463250923278
Saudi Arabia,SAU,76.583,77.223,77.851,78.186,78.429,78.67,78.91,79.147,79.383,79.616,79.848,80.077,80.304,80.53,80.754,80.979,81.204,81.427,81.649,81.867,82.084,82.302,82.52,82.74,82.96,83.18,83.401
Sudan,SDN,28.61,29.84,31.103,32.127,32.179,32.232,32.284,32.337,32.39,32.442,32.495,32.548,32.601,32.654,32.707,32.76,32.813,32.866,32.919,32.993,33.089,33.207,33.346,33.507,33.689,33.894,34.121
Senegal,SEN,38.896,39.038,39.18,39.321,39.464,39.606,39.749,39.891,40.034,40.177,40.32,40.464,40.607,40.898,41.306,41.714,42.124,42.535,42.947,43.359,43.773,44.188,44.603,45.019,45.436,45.862,46.296
Singapore,SGP,100,100,100,100,100,100,100,100,100,100,100,100,100,100,100,100,100,100,100,100,100,100,100,100,100,100,100
Solomon Islands,SLB,13.677,13.87,14.065,14.262,14.462,14.664,14.869,15.076,15.285,15.496,15.813,16.201,16.597,17.001,17.413,17.832,18.259,18.694,19.138,19.589,20.048,20.508,20.97,21.433,21.896,22.36,22.823
Sierra Leone,SLE,33.252,33.485,33.72,33.955,34.192,34.429,34.667,34.905,35.144,35.384,35.626,35.867,36.109,36.352,36.596,36.919,37.303,37.689,38.077,38.466,38.856,39.248,39.642,40.036,40.432,40.829,41.228
El Salvador,SLV,49.274,49.794,50.315,51.417,52.704,53.988,55.268,56.537,57.8,58.357,58.912,59.464,60.014,60.561,61.107,61.648,62.187,62.774,63.678,64.57,65.452,66.325,67.187,68.036,68.874,69.7,70.501
San Marino,SMR,90.4,90.4,90.4,90.839,91.261,91.664,92.052,92.422,92.776,93.115,93.44,93.75,93.925,93.975,94.155,94.453,94.736,95.007,95.264,95.508,95.74,95.961,96.171,96.37,96.559,96.739,96.91
Somalia,SOM,29.658,30.007,30.359,30.711,31.067,31.425,31.785,32.147,32.511,32.878,33.247,33.617,33.99,34.756,35.531,36.311,37.1,34.404,36.011,37.645,39.31,41,41.558,42.117,42.679,43.245,43.816
Serbia,SRB,50.393,50.756,50.981,51.204,51.428,51.651,51.875,52.098,52.322,52.545,52.769,52.992,53.215,53.437,53.661,53.883,54.105,54.328,54.55,54.772,54.993,55.215,55.356,55.469,55.583,55.696,55.81
Sub-Saharan Africa (excluding high income),SSA,27.3610920295561,27.8394360329459,28.3084879624722,28.7640631550618,29.1631486070466,29.5406745869033,29.9078156697475,30.2772137001366,30.6343796182774,30.991123420983,31.3513223579953,31.7780841571666,32.218133561539,32.6630072269975,33.1136480904987,33.5772804867188,34.0374450370209,34.4562094778847,34.9637276051512,35.4762319209756,35.9965915388542,36.5221717237434,37.0355854852706,37.5494923302212,38.0675104625981,38.5894951510559,39.1146168225524
South Sudan,SSD,13.276,14.074,14.912,15.626,15.749,15.873,15.997,16.123,16.249,16.376,16.504,16.632,16.761,16.891,17.023,17.154,17.287,17.42,17.555,17.701,17.86,18.032,18.217,18.415,18.626,18.852,19.092
Sub-Saharan Africa,SSF,27.3640811686932,27.8423233272604,28.3112558574016,28.7667638462162,29.1658083951744,29.5432680015102,29.9103477564147,30.2796806227445,30.6368055126696,30.9935112098694,31.35364920515,31.7803275115631,32.2203617286156,32.6651304759151,33.1156876186795,33.5792558165387,34.0393910017681,34.4581023726162,34.9655931381015,35.4780377203634,35.9983826938931,36.5238556179803,37.0372293348024,37.5511126300957,38.0691040304669,38.5910727362463,39.1161646131931
Small states,SST,45.2843733960703,45.8025346145815,46.1384431410519,46.4226432672891,46.7044445433097,47.0188071202848,47.364990950998,47.7184349771488,48.0789694040456,48.4736392533375,48.8956405733822,49.3170923339392,49.7411093991357,50.1937737917826,50.6927422938961,51.2569828856025,51.8842352571613,52.6162134683907,53.3784652630662,54.1106560860139,54.7873202307851,55.4038027227389,55.950375849839,56.4393163500603,56.9121851866075,57.3772147691502,57.833585795942
Sao Tome and Principe,STP,43.648,44.793,45.764,46.717,47.673,48.631,49.592,50.55,51.509,52.467,53.424,54.377,55.555,56.766,57.972,59.165,60.348,61.52,62.68,63.823,64.952,66.064,67.16,68.208,69.213,70.174,71.092
Suriname,SUR,65.706,65.78,65.854,65.928,66.002,66.076,66.15,66.223,66.297,66.371,66.444,66.517,66.591,66.664,66.737,66.682,66.615,66.547,66.479,66.412,66.344,66.276,66.208,66.14,66.089,66.056,66.04
Slovak Republic,SVK,56.491,56.78,56.719,56.659,56.598,56.537,56.476,56.416,56.355,56.294,56.233,56.163,56.013,55.863,55.713,55.563,55.412,55.261,55.111,54.96,54.685,54.42,54.28,54.14,54,53.889,53.806
Slovenia,SVN,50.39,50.517,50.543,50.569,50.596,50.622,50.649,50.675,50.701,50.728,50.754,50.78,50.857,51.082,51.308,51.533,51.758,51.983,52.209,52.433,52.658,52.883,53.108,53.332,53.557,53.781,54.02
Sweden,SWE,83.1,83.204,83.361,83.516,83.671,83.824,83.914,83.942,83.97,83.998,84.026,84.071,84.133,84.196,84.258,84.319,84.43,84.588,84.746,84.902,85.056,85.297,85.62,85.936,86.247,86.553,86.852
Eswatini,SWZ,20.202,20.607,21.018,21.434,21.857,22.286,22.722,23.081,22.949,22.817,22.686,22.555,22.425,22.296,22.166,22.038,21.91,21.829,22.045,22.262,22.48,22.7,22.849,22.999,23.149,23.3,23.459
Sint Maarten (Dutch part),SXM,100,100,100,100,100,100,100,100,100,100,100,100,100,100,100,100,100,100,100,100,100,100,100,100,100,100,100
Seychelles,SYC,49.27,49.307,49.362,49.435,49.525,49.633,49.758,49.901,50.061,50.238,50.433,50.646,50.876,51.123,51.388,51.67,51.969,52.285,52.619,52.969,53.336,53.72,54.12,54.537,54.969,55.4,55.831
Syrian Arab Republic,SYR,48.931,49.139,49.347,49.555,49.764,50.104,50.473,50.841,51.21,51.578,51.947,52.314,52.682,53.049,53.417,53.782,54.146,54.511,54.875,55.237,55.6,54.58,53.555,52.529,51.5,52.168,52.835
Turks and Caicos Islands,TCA,74.343,75.537,76.694,77.81,78.888,79.928,80.93,81.89,82.814,83.7,84.55,85.362,86.007,86.608,87.188,87.745,88.281,88.797,89.294,89.77,90.228,90.668,91.09,91.483,91.851,92.195,92.517
Chad,TCD,20.811,21.023,21.235,21.408,21.44,21.473,21.506,21.538,21.571,21.604,21.637,21.67,21.702,21.735,21.768,21.801,21.834,21.868,21.901,21.934,21.985,22.054,22.142,22.248,22.372,22.515,22.677
East Asia & Pacific (IDA & IBRD countries),TEA,27.7142624998707,28.4980300599403,29.3066689996903,30.1281626900861,30.9645762220753,31.814970846557,32.6810830922183,33.5567056631785,34.4455377447089,35.3458336582452,36.2710641712784,37.3122875642819,38.4348226768603,39.5696993697002,40.7156304373667,41.8659177778015,42.9913253608253,44.1044815350883,45.2224943836115,46.3398823942407,47.4581711710385,48.5107739597268,49.5351130988039,50.5524919038507,51.5670600273284,52.5771022562816,53.5836815868044
Europe & Central Asia (IDA & IBRD countries),TEC,62.7369090667724,62.8833525035601,62.9753090073684,63.0366028885489,63.1035875653711,63.1862231250188,63.2590234267275,63.3285546948959,63.3999478779418,63.4773505550913,63.5655097584427,63.6812853489125,63.8167686930874,63.9681567378783,64.1262635720795,64.2887531325514,64.4531353944248,64.6256772749147,64.7991757819468,64.9654830060442,65.1228198987909,65.2647020408161,65.3984723826267,65.5332401642433,65.6712050518983,65.8145985008816,65.9652866045441
Togo,TGO,28.589,29.005,29.425,29.848,30.275,30.705,31.139,31.576,32.016,32.46,32.907,33.356,33.809,34.265,34.724,35.185,35.649,36.116,36.587,37.058,37.533,38.032,38.546,39.061,39.579,40.1,40.628
Thailand,THA,29.424,29.593,29.763,29.934,30.105,30.276,30.449,30.622,30.795,30.969,31.386,32.548,33.734,34.941,36.169,37.411,38.673,39.95,41.242,42.543,43.856,44.698,45.445,46.193,46.943,47.694,48.448
Tajikistan,TJK,31.658,31.09,30.527,29.972,29.421,28.877,28.338,27.806,27.28,26.76,26.501,26.503,26.505,26.507,26.508,26.51,26.512,26.514,26.516,26.518,26.52,26.521,26.545,26.589,26.655,26.742,26.851
Turkmenistan,TKM,45.075,44.99,44.904,44.819,44.734,44.794,45.018,45.241,45.465,45.689,45.913,46.137,46.362,46.587,46.812,47.052,47.308,47.581,47.868,48.172,48.491,48.825,49.175,49.541,49.921,50.317,50.728
Latin America & the Caribbean (IDA & IBRD countries),TLA,70.4296427164847,70.9647742814334,71.4795376485581,71.9800211469435,72.4852230282199,72.985238340565,73.4622321309042,73.9473731706751,74.4264804773672,74.8894119000127,75.3487628736066,75.7162670377045,76.0526364152595,76.3813171356955,76.6970969882392,77.0067457889262,77.3130344441597,77.6154376253565,77.9114762396143,78.2001511791041,78.4837233244933,78.7684867225811,79.0475555723507,79.3205577177259,79.5884431960378,79.8500986595352,80.1050614453924
Timor-Leste,TLS,20.842,21.215,21.54,21.867,22.199,22.534,22.873,23.215,23.561,23.91,24.263,24.619,24.979,25.343,25.71,26.041,26.374,26.709,27.048,27.389,27.732,28.079,28.428,28.779,29.133,29.49,29.85
Middle East & North Africa (IDA & IBRD countries),TMN,51.6268601003718,51.9618601151676,52.3598055595485,52.7749972065992,53.1836451701817,53.5348108193288,53.8639217220207,54.1951681135157,54.5488694742932,54.9100231525928,55.2721271034165,55.6349728878985,55.9994391918925,56.3611239982255,56.7147909991458,57.0977386885463,57.4800945335997,57.8319143842529,58.1705689186133,58.5150297468919,58.8772007814101,59.1680959369609,59.4626572621304,59.7650187508709,60.0660759466011,60.4263378050077,60.7664050996666
Tonga,TON,22.704,22.736,22.768,22.8,22.832,22.864,22.897,22.927,22.955,22.984,23.012,23.041,23.069,23.098,23.127,23.155,23.184,23.227,23.281,23.335,23.389,23.443,23.435,23.382,23.328,23.275,23.222
South Asia (IDA & IBRD),TSA,25.0648202379086,25.3138572626788,25.5353509267766,25.7579079317206,25.9829792325926,26.2103756821725,26.4424364165344,26.6776286080751,26.9135844389444,27.1470576219193,27.3813026238155,27.6535385622869,27.9916966690005,28.3321712833977,28.6773286939167,29.0258642605867,29.3778274891074,29.7336382141307,30.0929786468128,30.4539447876108,30.8173672497108,31.1838911739091,31.5607072640053,31.9444456764314,32.3368459178729,32.7375612918406,33.1463250923278
Sub-Saharan Africa (IDA & IBRD countries),TSS,27.3640811686932,27.8423233272604,28.3112558574016,28.7667638462162,29.1658083951744,29.5432680015102,29.9103477564147,30.2796806227445,30.6368055126696,30.9935112098694,31.35364920515,31.7803275115631,32.2203617286156,32.6651304759151,33.1156876186795,33.5792558165387,34.0393910017681,34.4581023726162,34.9655931381015,35.4780377203634,35.9983826938931,36.5238556179803,37.0372293348024,37.5511126300957,38.0691040304669,38.5910727362463,39.1161646131932
Trinidad and Tobago,TTO,54.124,54.308,54.491,54.674,54.857,55.04,55.224,55.406,55.589,55.771,55.905,55.718,55.53,55.343,55.155,54.967,54.779,54.59,54.402,54.213,54.025,53.836,53.671,53.53,53.413,53.319,53.25
Tunisia,TUN,57.946,58.756,59.562,60.362,61.078,61.474,61.87,62.262,62.653,63.043,63.432,63.818,64.202,64.585,64.95,65.237,65.524,65.809,66.093,66.376,66.657,66.938,67.218,67.495,67.772,68.056,68.346
Turkey,TUR,59.203,59.976,60.518,61.055,61.59,62.123,62.653,63.179,63.703,64.223,64.741,65.34,65.974,66.602,67.225,67.84,68.45,69.053,69.651,70.241,70.825,71.402,71.974,72.531,73.077,73.611,74.134
Tuvalu,TUV,40.661,41.991,42.751,43.156,43.563,43.97,44.379,44.787,45.197,45.607,46.018,46.429,46.841,47.656,48.678,49.699,50.721,51.743,52.765,53.782,54.796,55.807,56.815,57.814,58.786,59.73,60.645
Tanzania,TZA,18.884,19.208,19.536,19.867,20.203,20.543,20.888,21.237,21.59,21.947,22.309,22.674,23.044,23.611,24.223,24.845,25.478,26.121,26.776,27.439,28.114,28.798,29.493,30.196,30.904,31.617,32.333
Uganda,UGA,11.076,11.454,11.79,12.133,12.485,12.846,13.216,13.594,13.982,14.379,14.786,15.201,15.626,16.061,16.507,16.96,17.425,17.899,18.384,18.878,19.383,19.898,20.424,20.958,21.504,22.06,22.624
Ukraine,UKR,66.757,66.796,66.835,66.874,66.912,66.951,66.99,67.029,67.067,67.106,67.145,67.183,67.283,67.427,67.597,67.79,67.969,68.147,68.325,68.502,68.596,68.689,68.782,68.875,68.968,69.061,69.154
Upper middle income,UMC,43.0468820338536,43.7153072253733,44.39452198101,45.0804002545908,45.7751284115962,46.4804615027433,47.1887393914412,47.902830230375,48.6296049661045,49.3685510716691,50.1261943734951,50.9941388268227,51.9249206725961,52.8726204167228,53.8293410546428,54.7901413164888,55.7327600776632,56.6665330832997,57.6019986040712,58.5361249629768,59.4726276821499,60.3639997484894,61.2340771237281,62.0934983556894,62.9456603674218,63.7865780596604,64.6165589908403
Uruguay,URY,88.973,89.304,89.627,89.94,90.245,90.542,90.835,91.147,91.45,91.743,92.028,92.303,92.569,92.828,93.078,93.319,93.553,93.779,93.998,94.209,94.414,94.612,94.739,94.843,94.945,95.045,95.144
United States,USA,75.3,75.701,76.097,76.488,76.875,77.257,77.636,78.008,78.377,78.742,79.057,79.234,79.409,79.583,79.757,79.928,80.099,80.269,80.438,80.606,80.772,80.944,81.119,81.299,81.483,81.671,81.862
Uzbekistan,UZB,41.365,41.836,42.308,42.78,43.255,43.731,44.208,44.685,45.164,45.644,46.126,46.606,47.088,47.571,48.054,48.537,49.021,49.505,49.989,50.472,50.956,51.15,51.05,50.95,50.85,50.75,50.65
St. Vincent and the Grenadines,VCT,41.409,41.949,42.306,42.663,43.021,43.38,43.741,44.1,44.461,44.823,45.186,45.548,45.914,46.283,46.656,47.032,47.412,47.794,48.18,48.569,48.961,49.356,49.754,50.154,50.558,50.964,51.373
"Venezuela, RB",VEN,84.284,84.664,85.012,85.352,85.686,86.014,86.336,86.65,86.959,87.262,87.559,87.85,87.876,87.902,87.928,87.954,87.98,88.006,88.031,88.057,88.083,88.108,88.123,88.133,88.144,88.154,88.165
British Virgin Islands,VGB,37.814,39.334,39.603,39.872,40.142,40.413,40.684,40.955,41.228,41.5,41.774,42.048,42.328,42.615,42.909,43.21,43.517,43.831,44.152,44.479,44.814,45.154,45.502,45.856,46.216,46.583,46.957
Virgin Islands (U.S.),VIR,87.685,88.285,88.86,89.409,89.934,90.437,90.917,91.374,91.811,92.228,92.586,92.814,93.036,93.251,93.461,93.664,93.861,94.053,94.239,94.419,94.594,94.761,94.919,95.07,95.213,95.35,95.48
Vietnam,VNM,20.257,20.629,21.006,21.387,21.774,22.166,22.563,22.965,23.371,23.817,24.374,24.937,25.511,26.092,26.683,27.281,27.888,28.504,29.128,29.762,30.417,31.08,31.752,32.429,33.115,33.809,34.51
Vanuatu,VUT,18.715,18.998,19.285,19.574,19.868,20.164,20.464,20.766,21.073,21.382,21.673,21.953,22.235,22.521,22.809,23.099,23.392,23.687,23.985,24.286,24.462,24.561,24.661,24.761,24.861,24.961,25.062
World,WLD,43.0311324284078,43.3982158647934,43.7412739625855,44.1045776938202,44.4656170083819,44.8417291689921,45.2027337117569,45.5665509687577,45.9353628017681,46.3076827049448,46.6890596387442,47.1372616767814,47.6357700977223,48.1373007580173,48.6430009741184,49.1518533962944,49.6524852926707,50.1436542452711,50.6481524190572,51.1481167421684,51.6452100333424,52.1028920587932,52.5540097108524,53.0045440772896,53.4569510115889,53.9133732048583,54.3696452042357
Samoa,WSM,21.2,21.2,21.258,21.347,21.436,21.526,21.616,21.705,21.796,21.886,21.977,22.068,21.941,21.698,21.457,21.218,20.981,20.75,20.524,20.3,20.078,19.857,19.624,19.385,19.149,18.914,18.681
Kosovo,XKX,,,,,,,,,,,,,,,,,,,,,,,,,,,
"Yemen, Rep.",YEM,20.931,21.489,22.058,22.636,23.225,23.76,24.249,24.743,25.244,25.752,26.267,26.787,27.315,27.849,28.39,28.936,29.49,30.051,30.619,31.194,31.776,32.364,32.958,33.559,34.165,34.777,35.394
South Africa,ZAF,52.037,52.554,53.038,53.521,54.004,54.486,54.967,55.449,55.93,56.411,56.891,57.368,57.898,58.446,58.993,59.536,60.077,60.616,61.154,61.687,62.218,62.746,63.272,63.793,64.312,64.828,65.341
Zambia,ZMB,39.407,38.989,38.514,38.042,37.572,37.104,36.638,36.176,35.716,35.258,34.802,35.002,35.475,35.951,36.43,36.911,37.395,37.881,38.371,38.861,39.355,39.851,40.354,40.865,41.382,41.907,42.438
Zimbabwe,ZWE,28.988,29.738,30.499,30.94,31.335,31.732,32.132,32.534,32.939,33.347,33.758,34.17,34.585,34.479,34.294,34.11,33.926,33.743,33.56,33.378,33.196,33.015,32.834,32.654,32.504,32.385,32.296